
{

  "IVdose_005_HV": {
      "input": { "IV_in": { "t": [0], "f": [0, 50], "unit": "μg/kg" } },
      "time": [1, 24, 168, 336],
      "BIIB059_mean": [1.5192264301140814, 0.9266659820472835, 0.35718138324872034, 0.0530420705844281], 
      "SEM": [0.5064088100380271, 0.3088886606824278, 0.11906046108290678, 0.017680690194809367]
  },

  "IVdose_03_HV": {
      "input": { "IV_in": { "t": [0], "f": [0, 300], "unit": "μg/kg" } },
      "time": [1, 24, 168, 336, 504, 672],
      "BIIB059_mean": [8.014162389302092, 6.186666489, 3.83022487, 2.595564438, 1.642645894, 0.777850242],
      "SEM": [2.6713874631006973, 2.062222163, 1.2767416233333332, 0.865188146, 0.5475486313333333, 0.259283414]
  },

  "IVdose_1_HV": {
    "input": { "IV_in": { "t": [0], "f": [0, 1000], "unit": "μg/kg" } },
    "time": [1, 24, 168, 336, 504, 672, 1008, 1344, 2016],
    "BIIB059_mean": [23.16450872993788, 20.35105875, 13.30875456, 9.357024228, 6.394714186, 5.257232396,
     3.503376483, 2.024991412, 0.367174063],
    "SEM": [7.721502909979293, 6.78368625, 4.43625152, 3.119008076, 2.1315713953333334, 1.7524107986666666,
    1.167792161, 0.6749971373333334, 0.12239135433333333] 
  },

  "IVdose_3_HV": {
    "input": { "IV_in": { "t": [0], "f": [0, 3000], "unit": "μg/kg" } },
    "time": [1, 24, 168, 336, 504, 672, 1008, 1344, 2016, 2668],
    "BIIB059_mean": [69.36051538431482, 55.84207026, 36.00555248, 25.31452702, 19.38354832, 15.7112537,
     11.40217138, 9.139822815, 3.622036447, 1.375499223],
    "SEM": [23.120171794771606, 18.61402342, 12.001850826666667, 8.438175673333333, 6.461182773333334, 5.237084566666667,
    3.8007237933333333, 3.046607605, 1.2073454823333333, 0.458499741]   
  },

"IVdose_10_HV": {
    "input": { "IV_in": { "t": [0], "f": [0, 10000], "unit": "μg/kg" } },
    "time": [1, 24, 168, 336, 504, 672, 1008, 1344, 2016, 2668],
    "BIIB059_mean": [207.7023621926522, 184.3472992, 120.5599959, 91.00055914, 62.19328303, 58.11419511,
    38.1758956, 28.50354973, 18.05813818, 7.684093843],
    "SEM": [69.23412073088407, 61.44909973333333, 40.1866653, 30.333519713333334, 20.731094343333333, 19.37139837,
    12.725298533333333, 9.501183243333334, 6.019379393333333, 2.5613646143333335]   
  }, 
   
  "IVdose_20_HV": {
    "input": { "IV_in": { "t": [0], "f": [0, 20000], "unit": "μg/kg" } },
    "time": [1, 24, 168, 336, 504, 672, 1008, 1344, 2016, 2668],
    "BIIB059_mean": [452.244532, 432.6370376, 248.9358438, 190.6052508, 148.0488077, 118.3019551,
     78.82962882, 54.04657108, 32.34894698, 13.96118479],
    "SEM": [150.74817733333333, 144.21234586666666, 82.9786146, 63.5350836, 49.34960256666667, 
    39.43398503333333, 26.27654294, 18.015523693333334, 10.782982326666666, 4.653728263333334] 
  },

  "SCdose_50_HV": {
        "input": { "SC_in": { "t": [0], "f": [0, 50000], "unit": "μg" } },
        "time": [1, 24, 168, 336, 504, 672, 1008, 1344],
        "BIIB059_mean": [0.637087208, 2.538802142, 5.651918547, 4.596847904, 3.570245767,
         2.20873624, 0.663847916, 0.236657126],
        "SEM": [0.212362403, 0.846267381, 1.883972849, 1.532282635, 1.190081922,
        0.736245413, 0.221282639, 0.078885709
]
      }
}
