{"best_cost": 16.298932640659597, "best_param": [0.81995, 0.00867199496525978, 2.6, 1.81, 6.299999999999999, 4.37, 2.6, 0.010300000000000002, 0.029600000000000005, 0.08100000000000002, 0.6927716105886019, 0.95, 0.7960584853135797, 0.2, 0.0096780180307827, 1.52, 54.69999999999998, 1.14185149185025, 14000.0]}