{"best_cost": 79.23241690921284, "best_param": [0.6056991952849416, 0.01354072021423599, 2.6, 1.125, 6.986999999999999, 4.368, 2.6, 0.006499999999999998, 0.033800000000000004, 0.08100000000000002, 0.95, 0.8, 0.95, 0.7312662784317931, 0.2, 0.005479035377369038, 0.008056921416721369, 1.0051976952920045, 5.539999999999999, 2623.9999999999995]}