{"best_cost": 46.00109487566519, "best_param": [0.6485088537114745, 0.014637498819109017, 2.6, 1.81, 6.299999999999999, 4.37, 2.6, 0.010300000000000002, 0.029600000000000005, 0.08100000000000002, 0.7699999923, 0.95, 0.6049999986423225, 0.2, 0.005721289867032744, 76.57308774322158, 944.2688511318098, 1.31, 4.840031542881407, 5.483314244583429, 14000.0, 7.138644074551331e-05]}