{"best_cost": 98.79607434456344, "best_param": [0.6921413285313175, 0.011562059728408203, 2.6, 1.81, 6.299999999999999, 4.37, 2.6, 0.010300000000000002, 0.029600000000000005, 0.08100000000000002, 0.6903571298565425, 0.95, 0.7997644048236776, 0.2, 0.007117474439469669, 2.23, 0.9974545632754038, 14000.0]}