{"best_cost": 79.6917925527786, "best_param": [0.6102809772525055, 0.013148280242903897, 2.6, 1.125, 6.986999999999999, 4.368, 2.6, 0.006499999999999998, 0.033800000000000004, 0.08100000000000002, 0.95, 0.8, 0.95, 0.7298541795661696, 0.2, 0.005488336705982969, 0.006733302514631709, 1.013230026375632, 5.539999999999999, 2623.9999999999995]}