{"best_cost": 35.77343756052548, "best_param": [0.81995, 0.00888487723839581, 2.6, 1.81, 6.299999999999999, 4.37, 2.6, 0.010300000000000002, 0.029600000000000005, 0.08100000000000002, 0.6927716105886019, 0.95, 0.7960584853135797, 0.2, 0.009910622573475393, 1.52, 1.14185149185025, 14000.0]}