{"best_cost": 94.59184642858949, "best_param": [0.7101803179452523, 0.010769598364021152, 2.6, 1.125, 6.986999999999999, 4.368, 2.6, 0.006499999999999998, 0.033800000000000004, 0.08100000000000002, 0.6030123238684714, 0.95, 0.7237920184287614, 0.2, 0.005343395941205006, 10.549999999999999, 8.263655721848385, 14022.91389138535, 209757292.34957692]}