{"best_cost": 28.26418565118042, "best_param": [0.6487473627326819, 0.0144451183651336, 2.6, 1.81, 6.299999999999999, 4.37, 2.6, 0.010300000000000002, 0.029600000000000005, 0.08100000000000002, 0.7699721708507254, 0.95, 0.6049159825858128, 0.2, 0.0057177006968308, 76.66293277265875, 933.1997617282486, 1.31, 4.999999999999999, 4.999999999999999, 14000.0, 0.00010000000000000009]}