{"best_cost": 80.8673748038943, "best_param": [0.6029709814487554, 0.013347284410272746, 2.6, 1.125, 6.986999999999999, 4.368, 2.6, 0.006499999999999998, 0.033800000000000004, 0.08100000000000002, 0.95, 0.8, 0.95, 0.7324694914693358, 0.2, 0.005466266218660575, 0.007312074343674183, 1.004518752039505, 5.539999999999999, 2623.9999999999995]}