{"best_cost": 44.91098151747469, "best_param": [0.820113594746233, 0.010992753705205343, 2.6, 1.81, 6.299999999999999, 4.37, 2.6, 0.010300000000000002, 0.029600000000000005, 0.08100000000000002, 0.77, 0.95, 0.6050000000000001, 0.2, 0.004449753678457776, 119.55220610984654, 3612.368970827746, 2.05, 0.00044000000000000007, 1.0, 1.0, 14000.0]}