{"best_cost": 5.969766338308844, "best_param": [0.5982467918487137, 0.013501146489749132, 2.6, 1.125, 6.986999999999999, 4.368, 2.6, 0.006499999999999998, 0.033800000000000004, 0.08100000000000002, 0.75, 0.95, 0.7467544604963505, 0.2, 0.007326666281272475, 0.9621937056820449, 0.10000000000000002, 5.539999999999999, 5.539999999999999, 2623.9999999999995]}