{"best_cost": 3.6036032460016925, "best_param": [0.818, 0.011000000000000005, 2.6, 1.81, 6.299999999999999, 4.37, 2.6, 0.010300000000000002, 0.029600000000000005, 0.08100000000000002, 0.77, 0.95, 0.605, 0.2, 0.005498687013833351, 119.99999999999997, 3611.9999999999973, 1.71, 0.00044000000000000007, 2.0, 1.0, 14000.0]}