{"best_cost": 13.316407252215578, "best_param": [0.7071493492306117, 0.010897430910345316, 2.6, 1.81, 6.299999999999999, 4.37, 2.6, 0.010300000000000002, 0.029600000000000005, 0.08100000000000002, 0.6109862178916364, 0.95, 0.7610802128641965, 0.2, 0.00854036758963636, 7.23, 50.24999999999999, 0.08299999999999998, 14000.0, 81310629.8938911]}