{"best_cost": 79.26569972355541, "best_param": [0.580810391014876, 0.013590854635687743, 2.6, 1.125, 6.986999999999999, 4.368, 2.6, 0.006499999999999998, 0.033800000000000004, 0.08100000000000002, 0.95, 0.8, 0.95, 0.7423400785396531, 0.2, 0.005427849997110501, 0.008087181520056226, 0.9887678012921494, 5.539999999999999, 2623.9999999999995]}