{"best_cost": 32.54095616387792, "best_param": [0.679047619047619, 0.0102375, 2600.0, 1809.9999999999993, 6299.999999999996, 4369.999999999996, 2600.0, 10.29, 29.57999999999999, 80.96000000000001, 0.77, 0.95, 0.6050000000000001, 0.2, 5.502603383824321, 14.702411780637608, 0.2735, 3.270000000000001e-05, 4.999999999999999, 0.3499999999999999, 9.999999999999996e-11]}