{"best_cost": 84.8437315263377, "best_param": [0.6275806018256461, 0.012521665343092613, 2.6, 1.125, 6.986999999999999, 4.368, 2.6, 0.006499999999999998, 0.033800000000000004, 0.08100000000000002, 0.63, 0.95, 0.7965420036627042, 0.2, 0.005402247272171798, 67.02886707793152, 5.539999999999999, 2497.3959216508456]}