{"best_cost": 94.17874112870481, "best_param": [0.7071493492306117, 0.010897430910345316, 2.6, 1.81, 6.299999999999999, 4.37, 2.6, 0.010300000000000002, 0.029600000000000005, 0.08100000000000002, 0.6109862178916364, 0.95, 0.7610802128641965, 0.2, 0.005369532723001456, 10.549999999999999, 8.295966443408615, 14000.0, 81310629.8938911]}