{"best_cost": 78.63694075861684, "best_param": [0.6029230970891087, 0.013665345005033663, 2.6, 1.125, 6.986999999999999, 4.368, 2.6, 0.006499999999999998, 0.033800000000000004, 0.08100000000000002, 0.95, 0.8, 0.95, 0.7395596426360713, 0.2, 0.00543475274358088, 0.00820550696264836, 1.0080945667538912, 5.539999999999999, 2623.9999999999995]}