Parameter,Lower_95CI,Upper_95CI
CL,0.0072703870989299,0.0080933025106828
