{
  "IVdose_20_HV": {
    "input": { "IV_in": { "t": [0], "f": [0, 20000], "unit": "μg/kg" } },
    "time": [1, 24, 168, 336, 504, 672, 1008, 1344, 2016, 2668],
    "BIIB059_mean": [452.244532, 432.6370376, 248.9358438, 190.6052508, 148.0488077, 118.3019551,
     78.82962882, 54.04657108, 32.34894698, 13.96118479],
    "SEM": [150.74817733333333, 144.21234586666666, 82.9786146, 63.5350836, 49.34960256666667, 
    39.43398503333333, 26.27654294, 18.015523693333334, 10.782982326666666, 4.653728263333334] 
  },

  "IVdose_20_SLE": {
    "input": { "IV_in": { "t": [0], "f": [0, 20000], "unit": "μg/kg" } },
    "time": [1, 24, 168, 336, 672, 1344, 2016, 2668],
    "BIIB059_mean": [368.4464936, 301.6058996, 237.0050202, 152.3729606, 76.90749314, 31.63125172, 12.01272554, 4.562120281],
    "SEM": [122.81549786666667, 100.53529986666667, 79.0016734, 50.79098686666667, 25.635831046666666, 
    10.543750573333333, 4.004241846666667, 1.5207067603333333]
    }
}