{"SCdose_50_HV": {
    "input": { "SC_in": { "t": [0], "f": [0, 50000], "unit": "μg" } },
    "time": [1, 24, 336, 504, 672, 1008, 1344, 2016, 2688],
    "BDCA2_median": [-35.813280536095, -93.55518327, -87.7398720682302, -94.30652858,
      -91.41791045, -87.12305818, -79.8532846, -26.49253731, -22.3880597],
    "SEM": [20,20,20,20,20,20,20,20,20]
  }
}