{
 "SCdose_50_HV": {
        "input": { "SC_in": { "t": [0], "f": [0, 50000], "unit": "μg" } },
        "time": [1, 24, 168, 336, 504, 672, 1008, 1344],
        "BIIB059_mean": [0.637087208, 2.538802142, 5.651918547, 4.596847904, 3.570245767,
         2.20873624, 0.663847916, 0.236657126],
        "SEM": [0.57, 0.57, 0.57, 0.57, 0.57, 0.57, 0.57, 0.57]
      }
}