{

  "IVdose_005_HV": {
        "input": { "IV_in": { "t": [0], "f": [0, 50], "unit": "μg/kg" } },
        "time": [1, 48, 336, 504, 672, 1008, 2016, 2688],
        "BDCA2_median": [-40.8061732155548, -91.06762108, -77.78708498, -10.7219007, -13.80597015, 
        -25.92902833, -5.589399939, -11.94029851],
        "SEM": [20, 20, 20, 20, 20, 20, 20, 20]

  },
  
  "IVdose_03_HV": {
        "input": { "IV_in": { "t": [0], "f": [0, 300], "unit": "μg/kg" } },
        "time": [1, 48, 336, 504, 672, 1008, 1344, 2016, 2688],
        "BDCA2_median": [-40.8061732155548, -91.06762108, -92.7200731038684, -89.8339933, 
        -82.46268657, -37.86932684, 16.1666159, -15.04975124, -4.47761194],
        "SEM": [20, 20, 20, 20, 20, 20, 20, 20, 20]
  },

  "IVdose_1_HV": {
    "input": { "IV_in": { "t": [0], "f": [0, 1000], "unit": "μg/kg" } },
    "time": [1, 48, 336, 504, 672, 1008, 1344, 2016, 2688],
    "BDCA2_median": [-40.8061732155548, -91.06762108, -92.7226114326327, -88.34145599,
      -91.41791045, -89.11818459, -91.79104478, -88.67905371, -25.87318509],
    "SEM": [20,20,20,20,20,20,20,20,20]
  },

  "IVdose_3_HV": {
    "input": { "IV_in": { "t": [0], "f": [0, 3000], "unit": "μg/kg" } },
    "time": [1, 48, 336, 504, 672, 1008, 1344, 2016, 2688],
    "BDCA2_median": [-40.8061732155548, -91.06762108, -92.7226114326327, -88.34145599,
      -91.41791045, -89.11818459, -91.79104478, -78.23636917, -79.10447761],
    "SEM": [20,20,20,20,20,20,20,20,20]
  },

  "IVdose_20_HV": {
    "input": { "IV_in": { "t": [0], "f": [0, 20000], "unit": "μg/kg" } },
    "time": [1, 48, 336, 504, 672, 1008, 1344, 2016, 2688],
    "BDCA2_median": [-85.0670118793786, -83.60493451, -89.7349984770027, -82.36623007,
      -89.92791146, -87.12559651, -90.7960199, -88.1840796, -95.52238806],
    "SEM": [20,20,20,20,20,20,20,20,20]
  },

  "SCdose_50_HV": {
    "input": { "SC_in": { "t": [0], "f": [0, 50000], "unit": "μg" } },
    "time": [1, 48, 336, 504, 672, 1008, 1344, 2016, 2688],
    "BDCA2_median": [-35.813280536095, -93.55518327, -87.7398720682302, -94.30652858,
      -91.41791045, -87.12305818, -79.8532846, -26.49253731, -22.3880597],
    "SEM": [20,20,20,20,20,20,20,20,20]
  }
}

