{
    "IVdose_20_HV": {
    "input": { "IV_in": { "t": [0], "f": [0, 20000], "unit": "μg/kg" } },
    "time": [1, 24, 336, 504, 672, 1008, 1344, 2016, 2688],
    "BDCA2_median": [-85.0670118793786, -83.60493451, -89.7349984770027, -82.36623007,
      -89.92791146, -87.12559651, -90.7960199, -88.1840796, -95.52238806],
    "SEM": [20,20,20,20,20,20,20,20,20]
  },
  "IVdose_20_SLE": {
        "input": { "IV_in": { "t": [0], "f": [0, 20000], "unit": "μg/kg" } },
        "time": [1, 24, 336, 504, 672, 1344, 2016, 2688],
        "BDCA2_median": [-65.15151515, -48.48484848, -86, -83.33333333, -77.27272727, 
        -80.3030303, -65.15151515, -51.51515152],
        "SEM": [20, 20, 20, 20, 20, 20, 20, 20]
    }
}