
{

  "IVdose_005_HV": {
      "input": { "IV_in": { "t": [0], "f": [0, 50], "unit": "μg/kg" } },
      "time": [1, 24, 48, 168, 336],
      "BIIB059_mean": [1.68, 1.5192264301140814, 0.9266659820472835, 0.35718138324872034, 0.0530420705844281], 
      "SEM": [0.17, 0.17, 0.17, 0.17, 0.17]
  },

  "IVdose_03_HV": {
      "input": { "IV_in": { "t": [0], "f": [0, 300], "unit": "μg/kg" } },
      "time": [1, 24, 48, 168, 336, 504, 672],
      "BIIB059_mean": [10.9, 8.014162389302092, 6.186666489, 3.83022487, 2.595564438, 1.642645894, 0.777850242],
      "SEM": [1.09, 1.09, 1.09, 1.09, 1.09, 1.09, 1.09]
  },

  "IVdose_1_HV": {
    "input": { "IV_in": { "t": [0], "f": [0, 1000], "unit": "μg/kg" } },
    "time": [1, 24, 48, 168, 336, 504, 672, 1008, 1344, 2016],
    "BIIB059_mean": [31.7, 23.16450872993788, 20.35105875, 13.30875456, 9.357024228, 6.394714186, 5.257232396,
     3.503376483, 2.024991412, 0.367174063],
    "SEM": [3.17, 3.17, 3.17, 3.17, 3.17, 3.17, 3.17, 3.17, 3.17, 3.17] 
  },

  "IVdose_3_HV": {
    "input": { "IV_in": { "t": [0], "f": [0, 3000], "unit": "μg/kg" } },
    "time": [1, 24, 48, 168, 336, 504, 672, 1008, 1344, 2016, 2688],
    "BIIB059_mean": [82.5, 69.36051538431482, 55.84207026, 36.00555248, 25.31452702, 19.38354832, 15.7112537,
     11.40217138, 9.139822815, 3.622036447, 1.375499223],
    "SEM": [8.25, 8.25, 8.25, 8.25, 8.25, 8.25, 8.25, 8.25, 8.25, 8.25, 8.25]   
  },

"IVdose_10_HV": {
    "input": { "IV_in": { "t": [0], "f": [0, 10000], "unit": "μg/kg" } },
    "time": [1, 24, 48, 168, 336, 504, 672, 1008, 1344, 2016, 2688],
    "BIIB059_mean": [280, 207.7023621926522, 184.3472992, 120.5599959, 91.00055914, 62.19328303, 58.11419511,
    38.1758956, 28.50354973, 18.05813818, 7.684093843],
    "SEM": [28, 28, 28, 28, 28, 28, 28, 28, 28, 28, 28]   
  }, 
   
  "IVdose_20_HV": {
    "input": { "IV_in": { "t": [0], "f": [0, 20000], "unit": "μg/kg" } },
    "time": [1, 24, 48, 168, 336, 504, 672, 1008, 1344, 2016, 2688],
    "BIIB059_mean": [603, 452.244532, 432.6370376, 248.9358438, 190.6052508, 148.0488077, 118.3019551,
     78.82962882, 54.04657108, 32.34894698, 13.96118479],
    "SEM": [60.3, 60.3, 60.3, 60.3, 60.3, 60.3, 60.3, 60.3, 60.3, 60.3, 60.3] 
  },

  "SCdose_50_HV": {
        "input": { "SC_in": { "t": [0], "f": [0, 50000], "unit": "μg" } },
        "time": [24, 48, 168, 336, 504, 672, 1008, 1344],
        "BIIB059_mean": [0.637087208, 2.538802142, 5.651918547, 4.596847904, 3.570245767,
         2.20873624, 0.663847916, 0.236657126],
        "SEM": [0.57, 0.57, 0.57, 0.57, 0.57, 0.57, 0.57, 0.57]
      }
}
