{        
    "IVdose_20_SLE": {
    "input": { "IV_in": { "t": [0], "f": [0, 20000], "unit": "μg/kg" } },
    "time": [1, 24, 168, 336, 672, 1344, 2016, 2668],
    "BIIB059_mean": [460.4464936, 370.6058996, 217.0050202, 152.3729606, 100.90749314, 61.63125172, 31.01272554, 12.562120281],
    "SEM": [46, 46, 46, 46, 46, 46, 46, 46]
    }
}