{
        
    
    
    "IVdose_20_SLE": {
    "input": { "IV_in": { "t": [0], "f": [0, 20000], "unit": "μg/kg" } },
    "time": [1, 24, 168, 336, 672, 1344, 2016, 2668],
    "BIIB059_mean": [368.4464936, 301.6058996, 237.0050202, 152.3729606, 76.90749314, 31.63125172, 12.01272554, 4.562120281],
    "SEM": [122.81549786666667, 100.53529986666667, 79.0016734, 50.79098686666667, 25.635831046666666, 
    10.543750573333333, 4.004241846666667, 1.5207067603333333]
    }
}