{"IVdose_005_HV": {
      "input": { "IV_in": { "t": [0], "f": [0, 50], "unit": "μg/kg" } },
      "time": [1, 24, 168, 336],
      "BIIB059_mean": [1.5192264301140814, 0.9266659820472835, 0.35718138324872034, 0.0530420705844281], 
      "SEM": [0.15, 0.15, 0.15, 0.15]
  },

  "IVdose_03_HV": {
      "input": { "IV_in": { "t": [0], "f": [0, 300], "unit": "μg/kg" } },
      "time": [1, 24, 168, 336, 504, 672],
      "BIIB059_mean": [8.014162389302092, 6.186666489, 3.83022487, 2.595564438, 1.642645894, 0.777850242],
      "SEM": [0.8, 0.8, 0.8, 0.8, 0.8, 0.8]
  },

  "IVdose_1_HV": {
    "input": { "IV_in": { "t": [0], "f": [0, 1000], "unit": "μg/kg" } },
    "time": [1, 24, 168, 336, 504, 672, 1008, 1344, 2016],
    "BIIB059_mean": [23.16450872993788, 20.35105875, 13.30875456, 9.357024228, 6.394714186, 5.257232396,
     3.503376483, 2.024991412, 0.367174063],
    "SEM": [2.3, 2.3, 2.3, 2.3, 2.3, 2.3, 2.3, 2.3, 2.3] 
  },   
    
"IVdose_3_HV": {
    "input": { "IV_in": { "t": [0], "f": [0, 3000], "unit": "μg/kg" } },
    "time": [1, 24, 168, 336, 504, 672, 1008, 1344, 2016, 2668],
    "BIIB059_mean": [69.36051538431482, 55.84207026, 36.00555248, 25.31452702, 19.38354832, 15.7112537,
     11.40217138, 9.139822815, 3.622036447, 1.375499223],
    "SEM": [6.9, 6.9, 6.9, 6.9, 6.9, 6.9, 6.9, 6.9, 6.9, 6.9]   
  },

"IVdose_10_HV": {
    "input": { "IV_in": { "t": [0], "f": [0, 10000], "unit": "μg/kg" } },
    "time": [1, 24, 168, 336, 504, 672, 1008, 1344, 2016, 2668],
    "BIIB059_mean": [207.7023621926522, 184.3472992, 120.5599959, 91.00055914, 62.19328303, 58.11419511,
    38.1758956, 28.50354973, 18.05813818, 7.684093843],
    "SEM": [20.7, 20.7, 20.7, 20.7, 20.7, 20.7, 20.7, 20.7, 20.7, 20.7]   
  }, 
    
    "IVdose_20_SLE": {
    "input": { "IV_in": { "t": [0], "f": [0, 20000], "unit": "μg/kg" } },
    "time": [1, 24, 168, 336, 672, 1344, 2016, 2668],
    "BIIB059_mean": [460.4464936, 370.6058996, 217.0050202, 152.3729606, 100.90749314, 61.63125172, 31.01272554, 12.562120281],
    "SEM": [46, 46, 46, 46, 46, 46, 46, 46]
    },

    "SCdose_50_HV": {
        "input": { "SC_in": { "t": [0], "f": [0, 50000], "unit": "μg" } },
        "time": [1, 24, 168, 336, 504, 672, 1008, 1344],
        "BIIB059_mean": [0.637087208, 2.538802142, 5.651918547, 4.596847904, 3.570245767,
         2.20873624, 0.663847916, 0.236657126],
        "SEM": [0.57, 0.57, 0.57, 0.57, 0.57, 0.57, 0.57, 0.57]
      }
}