{"best_cost": 11.05001015877693, "best_param": [0.679, 0.010000000000000004, 2600.0, 1809.9999999999993, 6299.999999999996, 4369.999999999996, 2600.0, 10.29, 29.57999999999999, 80.96000000000001, 0.769, 0.95, 0.605, 0.2, 7.962133093804821, 10.692307692307693, 0.5131162651254778, 0.000131, 7.999999999999998, 0.525, 0.056223868548008864]}