{"best_cost": 55.30263655221706, "best_param": [0.679047619047619, 0.0102375, 2600.0, 1809.9999999999993, 6299.999999999996, 4369.999999999996, 2600.0, 10.29, 29.57999999999999, 80.96000000000001, 0.77, 0.95, 0.6050000000000001, 0.2, 5.505701148565126, 12.905173510521204, 0.29511827847748234, 1.6350000000000004e-05, 1.9550888208422124, 0.2778812205462991, 6.92892631681288e-05]}