{"best_cost": 32.34540296327457, "best_param": [-0.3861453043030531, -4.586589873719145, 7.8632667240095735, 7.501082124259871, 8.748304912379623, 8.382518288089635, 7.8632667240095735, 2.331172549845958, 3.3870984572826535, 4.3939552055391555, -0.2615962303139769, -0.05129329438755058, -0.5025696169691369, -1.6094379124341003, 1.708063824087975, 9.580331231564312, 5.616433697655232, -1.7773877776084681, 2.2891387086879, 5.674324552971088, -9.89412105247126]}