{"best_cost": 3.7306445366385987, "best_param": [0.679, 0.010000000000000004, 2600.0, 1809.9999999999993, 6299.999999999996, 4369.999999999996, 2600.0, 10.29, 29.57999999999999, 80.96000000000001, 0.769, 0.95, 0.605, 0.2, 8.709216079001987, 20.849999999999994, 0.5709020332771588, 0.000131, 7.999999999999998, 0.525, 0.4155111769830494]}