{"best_cost": 62.06413140394229, "best_param": [0.679, 0.010000000000000004, 2600.0, 1809.9999999999993, 6299.999999999996, 4369.999999999996, 2600.0, 10.29, 29.57999999999999, 80.96000000000001, 0.769, 0.95, 0.605, 0.2, 5.5, 17075.910701393128, 450.7269930062735, 0.19046591560591383, 9.9883201089849, 523.8505889899807, 5.394186836770646e-05]}