{"best_cost": 32.34540296327457, "best_param": [-0.38663693481788697, -4.588674189973593, 7.8632667240095735, 7.501082124259871, 8.748304912379623, 8.382518288089635, 7.8632667240095735, 2.331172549845958, 3.3870984572826535, 4.3939552055391555, -0.26169044339212794, -0.05129329438755058, -0.5032127751221988, -1.6094379124341003, 1.7069360382305667, 9.582577230206857, 5.615127071437756, -1.986045460003423, 2.1085244804908276, 6.043031380161318, -8.392205276681915]}