{"best_cost": 32.53993394835791, "best_param": [0.679047619047619, 0.0102375, 2600.0, 1809.9999999999993, 6299.999999999996, 4369.999999999996, 2600.0, 10.29, 29.57999999999999, 80.96000000000001, 0.77, 0.95, 0.6050000000000001, 0.2, 5.502607860464082, 14.702503381766594, 0.2735, 3.270000000000001e-05, 4.999999999999999, 0.3499999999999999, 9.999999999999994e-08]}