{"best_cost": 44.973436232104454, "best_param": [0.6790630006403913, 0.010203072064436868, 2600.0, 1809.9999999999993, 6299.999999999996, 4369.999999999996, 2600.0, 10.29, 29.57999999999999, 80.96000000000001, 0.7699146795009192, 0.95, 0.604790920982844, 0.2, 5.895820490969911, 13.907360263940019, 0.4209094763432376, 5.460000000000002e-05, 2.499999999999998e-08, 4.0, 4.0, 0.2849937775399768]} 